phash,name
b522ad1a5d882484e8cc1849cf334331ca4d7e61c79c73fedb61488dc4ffdb07,Disa the Restless
e125c2feddd3a485877f1f098ad65029b6f62829bec45bd1a0aa3575dc6308a3,"Omo, Queen of Vesuva"
e09f626f1dbe25d9ea620e9eeb681862dcd434708e11233ce38c1ede92de3127,"Satya, Aetherflux Genius"
b7698bb44c043c444eb6682a515e5b9f4d4975b164dd1a4b606e67e75613097f,"Ulalek, Fused Atrocity"
e59881878a6638f09c1b678e95f96b00f1ef724bc6103c3bd9cc6836e62c7ad3,"Azlask, the Swelling Scourge"
c2da8979d73675a8aca51c94987a3786c3cb7a658f0c72cbbcfd2d92a5200a2d,"Cayth, Famed Mechanist"
e580c5b98b3f0c4cbbf03236d206638f8d610959a24d33dbc6f11ebdb5be13c8,"Coram, the Undertaker"
d518f568816747a78f540a97e4c31e5f66ec1fe068b230e7726b2a2cab16275a,"Jyoti, Moag Ancient"
fd236e1f2b3d80789c9da1b382679cc918b393e4258bea874aee94880d39957e,"Azlask, the Swelling Scourge"
f720a791574c58c22ec95b1fc0af72643936c9782e3f5c641cd6b27a1ee0ccd1,"Cayth, Famed Mechanist"
d9b1c52e96846c6a21373311c46d38dca56bac9cbb57b16cae889cdf21b0e719,"Coram, the Undertaker"
e336e6c92cd55124bb2899573646ac8528b1abb6092d9aa212afd6d916bbd72b,Disa the Restless
fee3e81a80f41dca579412760f9e71b11f2a34b842e33c7361867b4e18e3e596,"Jyoti, Moag Ancient"
ea6dc6365e9330d51596332d992c1db821851fd5394e0e4ae19b9fc438cf7453,"Omo, Queen of Vesuva"
f97c680027c3b1b54b25c7df1493c76c15748f32471ba9d910eccd4e2a1ed70e,"Satya, Aetherflux Genius"
cc19d12573a526dc27de2f936a564fca3da2a50e297e48e1502f0a8c3a95f4be,"Ulalek, Fused Atrocity"
e59885870a6638f09c1b678e95f96b00f1ef764bc6103c3bd9cc6834e62e6acb,"Azlask, the Swelling Scourge"
c2da8979d73675a8aca51c94987a3f86c3cb7a658f0c72c9bcfd2d92a5200a2d,"Cayth, Famed Mechanist"
e580c5b98b3f0c4cbbf23236d286638f8d610959a24d33c3c6b31e3db5be17c8,"Coram, the Undertaker"
b522ad1a5d8a24c4e8cc1849cf334131ca4d7f41c39c73fedb61488dc4ffdb07,Disa the Restless
d518f568916747a78f540a97e4831e5f46ec1fe048b230ef726b2e2c2b96275a,"Jyoti, Moag Ancient"
e125c2fe5dd3ec84877f1f0d8ad65029b6f628293ec45bd4a0ea3575d46308a3,"Omo, Queen of Vesuva"
e09f626f1fbf2dd8ea620e9e63681862ded434748e11231c439c1ede12de3527,"Satya, Aetherflux Genius"
b7698fb448043c444eb6602a515e7b9f4b49353164dd3e4b606e67c35697197e,"Ulalek, Fused Atrocity"
e59895870a66b8f09c1bf78ea979ef0071eff64b4610bc3b19cce814c62ce24b,"Azlask, the Swelling Scourge"
d2da897957a7f5a8aca59e90b86bbf06e38b7a712b0cf2c83ceda512a120ca2c,"Cayth, Famed Mechanist"
e596c5b98b3f8c443bf23226d296630d0d618959a24fb3cb06b39e1d35be93c8,"Coram, the Undertaker"
b523ad0a5988e4c468cc9c49cb33c331ea4dfe41c39cf3eedb61c00c84ffdb07,Disa the Restless
d538f5680067c3a70fd48a9764831e5d66ec1fe068b218ed726f2e682b96975a,"Jyoti, Moag Ancient"
e12dc2fe5d9384840f7f9f0d0ade50293bf728283ecc5bd420aab5755ce348a3,"Omo, Queen of Vesuva"
a09fe2671dbfa5d8ea628e966b2c18625ed434700e11b33c639c9ede12de9427,"Satya, Aetherflux Genius"
9110ca98c47723694bc47c11fc13f4bea7e43b47b84509b794b84ab1b6afb54b,Eldrazi Confluence
961386ffcd8779229f586c01716c5a9ac8954e85e85a3cc2f19b4db1f7237074,Eldritch Immunity
e151a84ef6a877b587d280f3da1d5e109d83395c95ef1b2f89545480bda1237e,Inversion Behemoth
eb41f05ed699146975ae03b5a83643c8b7254e55995e67b2cacd0b76a4c2da4a,Selective Obliteration
e112e60a96a15ab5abd6454c99a92ebdac6732a59e9308f28cc60cbe9b751bce,Spawnbed Protector
84ac85a4fb5133dce4924aabf26d4b69e96258e6e9336eb4a9d4625ae4686b1c,Twins of Discord
e4145aaf18f8275a9f242963c3c830d1db4b2c2c92d3673994c79e9e9c81bf1f,Ulamog's Dreadsire
c434d09e0e9b07f9b16a7ec6bac52a21e86a2d43b5023872fdd26f19eb66e960,Angelic Aberration
8064c6ca65acb52cd593d8573a109bb57a6f562e480bfc493f80c5d90bf7cdb0,Hourglass of the Lost
dbdaa5ec6e123eb17908c816322dc34ab870e26310dec7742c49c0e7eacff4da,Localized Destruction
a480f3108e59c6ce7a2c8cdf61e5991b59c6b33249009b257b69b363668f67f6,Razorfield Ripper
b16de58a9ed49d2454bb00f1634aa748642d18f55bc2de732165ff2c5a69d853,Salvation Colossus
8076938233cbe369a4b4b4ecbe58cd1b5f26cb644b81d99b9cb9ad589f02d294,Silverquill Lecturer
e01dd5ce10deca733621c3b90fac65964b62ecd363913cf460a25b526fcd986a,Aurora Shifter
fc17fb92a33c062b9da35c5e9cf0116fa6cc7170a2c764199fe0919e93382770,Benthic Anomaly
88a4f607917e13675f82ed81724977101980896866ffe5e46b77b3ba6cdb8819,Copy Land
879181cb2e3a66341b87395274d439047a8ef435c8535cefe97cd3bcde08cc74,March from Velis Vel
982fa1427c88686f52845772a9615294e73aed31b3d1d1cccc3ba4dfcbcec598,Wonderscape Sage
c5162e221bdcd08d60f285e63f18f819728d624db9a3ad65668de4f719bae9c8,Barrowgoyf
a1f4c797cf4b7c4996152d3bd4626248e6db0634db261a6ec168696499e68f9c,Bismuth Mindrender
9197b35f7a7ae4f46e5d551060c0d9e063e4cde26d0fdc037483ce243f0ec0d6,Final Act
eca1c2d690157a81b7443c9f8fe3152e9a5d25f49cab0d6be11c6935eb1a3329,Mutated Cultist
a05307de1f597a2cc3b5e553ea17d5682d8aa8a37c28891d75e4f1224c3d96d3,Aether Refinery
be25a2d9d990f466874bc9165bdd126652e6b49aad38c9713382360f66b9e6d0,Blaster Hulk
e9ff89433640edff768c5cd001f7134b546a45a427b53067322e56580eb7134f,Filigree Racer
bb32d24bc6ceccb6d1b93599e4c82d6dcb3262de9c5b78b0f0102a4fd4243e68,Hideous Taskmaster
9543c0598aaef16e3ff327447cc16ec14accdc30cb8f710beb0cd1a7691cd64c,Overclocked Electromancer
c4ecbd40181712910f29c85eb3a9c52474feef482dfae5c94e85fd83fb0291a7,Pyrogoyf
fe1ed67ac1e1e9b0763e85c02b4d582f35adbe583875af8c1b97b4203140bb14,Sawhorn Nemesis
b80fe6e7c8998fd0636260dd03f9fb124e8ca93123f717822f15d8220ee2f43f,Siege-Gang Lieutenant
c33092f664998d44b3074ede8819af11ba98d5839c73e4f33ef4b169a0ebb496,Tempt with Mayhem
f110d1889cf96e3dae076993b8d819c58e322644e97b2f3b92862ccab8ce277e,Chittering Dispatcher
9b3ba0c55ce26d2e4a3513b971ce7c6044ad525d39c299ef6ea1f7682046476e,Desert Warfare
d0b49dbd8e72b7512748e21629856c7a21b7ded93ef41b2a68f38644638fc0e8,Polygoyf
cbf088da253d71a5aacbd618725f9e689f29e0169380f8732e1e95b19f05e25a,Rampant Frogantua
c244e24d753ae1142c9d0dea52859f65b3a79c87866990ca0e739d37ba279fb8,Sage of the Maze
903987b663f370985658590149a46c4e6d91d65e69a7f7c14aedc49a5f44ccbd,Tarmogoyf Nest
86c9d55e3a36a4497c9b31b7d16ae92c818ac45babe593b0ef97944e8811a59b,Aggressive Biomancy
e496a53316ed7a165b68d4815a93cb0a092fcce66318754c63315de669ae31f7,Bloodbraid Challenger
f8c3879d827871413d07cdbea3d4d4c1daadaa30ad8b9527e8b9e048b324cdf2,Broodmate Tyrant
ba6f25fa5eab12539c84dc2d296093823a5cef46658ecf919334b8766993c664,Exterminator Magmarch
9b69cd61c1bd23bd6c85e6a35e2c979a35f2a95e794ac157a25430814755a875,Gluttonous Hellkite
fb95e2214e4d8d5930b312ee87e9e93b1f8ec4f232b674d724623706192cb859,Infested Thrinax
99b8b0d52e28ae166a87f2f8e0424daec8d1c6a3f9be551c67c7c97a7a98cc04,Sphinx of the Revelation
ebe2dec6123ca1d01dfca23f1d81993c621f92270e75938cc19896f4a0b7f6cc,Conversion Apparatus
d356970b64ae7a7caa10c9a69e59fbc82827fe31ab849d4ea8838d942aa09f5d,Stone Idol Generator
845c855ab456c12b380f2ab10f29d4f2eb8afc0d6ab17f48fe20fecb89a1d6cc,Horizon of Progress
92b5f54f6d4b11b0763c76470d47a56a42b03b5554aeb83a9ecdedb540729648,Lazotep Quarry
8de6a6cd721c5f206a61d5d8f046c31c28a3c0f32690f87eab2ef5cbfc10b1e6,Planar Nexus
c51494271f7d2b407be916b6600afc09706ad152627fe2ff7af1c5c8a189d70e,Sunken Palace
c90d309828fcef4d3616c52df2219b5285a5c07bad4396f4a97fd061ad5697ac,Talon Gates of Madara
803ca1702fd1cb1e5e0f1692d0bd71af8f8a788c6caa8ce0aec13643937bff31,Trenchpost
806486cae5ac352dd5d37857ba143b35d86f5226c81b7849bd00659997f76db1,Hourglass of the Lost
d1daa5e866123eb1f9084816b22d434ab0706a61905e4f74f4596ae7cbcf3efa,Localized Destruction
a480b230ce5946ceda2e0cfdc1e73989d9d63330d9001b25f37a3327c61f67f6,Razorfield Ripper
b14dec9a9ed61d24d4bb02f1e34a2748652d18b55bc25e7331656f2cda695a13,Salvation Colossus
80549382b3cb6369b4b424edbc594c1bdf264be4cb81499bdcf9ad789f423296,Silverquill Lecturer
e01d918e90de5a73b62103b98f2c6596cb626cd3e3d138f4e0e24bdaedcd186a,Aurora Shifter
88a0f61f917f1327df836c8176493310d90008e8e6ff60e4ef7533baecdb5819,Copy Land
879181c92c3a6634db073bdaf4d43804da8e7435d8533cefe97c73b8de084c74,March from Velis Vel
9c27b5827c88686df3845732a9635294e73a6d31b3d1538ccc3320dfcbce6d98,Wonderscape Sage
c4162f329bccd08d64f285e6bf087a99f285624db9232d65f68d64d799ba29c8,Barrowgoyf
9197335d7a7a6ef4e65d4d11e4c048e4e3e44de3f50e5e03f4034e249d0e60f6,Final Act
a04307de1f797a2cd3f56553ea171068ad8aa8a3fc28081df5e4f923cc39768b,Aether Refinery
be25a2d9d9907464874b49969bdc1267d2e6349aad3a4971b3c2360fe6bd64d0,Blaster Hulk
e9fe894337406abff68c6e9081f73349d46a45a487b12067b26e56188eb7134f,Filigree Racer
9543c0d988ae316efff12344fcc12ec1cacc1c30cfaf782fe30850a7ed1dc6cc,Overclocked Electromancer
c4ecbd40981712994f29485eb3a14524f4fe6f48edf265c9ce856d83fb4213a7,Pyrogoyf
fc12567bc1e1e9b0f43a05c52b4f4a2fb5ac3f59b8752f8d9fb324a091403b14,Sawhorn Nemesis
b807e667c8910f90636260dd83fd7b33cccc2b3991d717a28d555a229ce26c3f,Siege-Gang Lieutenant
c73012f6749b0d0cb30746be88092f31ba9c51a39c73e4b3bef43969a0ebb4b6,Tempt with Mayhem
933ba0c7dcce6d2e4a5513b9b1ce7c6084ad5a5db1c219efce017668a0466b6e,Desert Warfare
d0349dbd8e721791a7486206b9856c6ab1b71ad9be741a2ee8f30e44e78f43e8,Polygoyf
cbf008daa53d61a5a84bf619f67f1e489f29e11693806873ae1e15a5df0562da,Rampant Frogantua
c044e20d753a6194acdd0dead0c51ef5b1e71c87966312ca9e730f37b8271eb9,Sage of the Maze
903887b463f77898d6585929cda46e4eed81467ec10767c1c2e96cbadf404cbd,Tarmogoyf Nest
86c9515e3836a649fc9b38b7d17a69ac858a425bab659bb0ef17364e8811a59b,Aggressive Biomancy
e496a53316ed3a1ed96814a1da934b0fc92748eee31a234ce33149e6e9a631f7,Bloodbraid Challenger
f8c3879d82787161bd074cbea3d4d4cbdaad2a308d8b15a7e0b96848b324cff2,Broodmate Tyrant
ba6727fa5ebb1a539c845c2da9611380b25d6a4ee58ece9193363876c99346e4,Exterminator Magmarch
9b694d61c1bd23bded85eea3de2c179ab5f2295e754a415782543081d5552875,Gluttonous Hellkite
f1156225ce4c8d5930b312ee87e969339f8e44f693b666f7b5603706992c3859,Infested Thrinax
91b8b095be382e07ebc778f8e0464daec8d146a3f1be411ce5c74bf8da98cc14,Sphinx of the Revelation
e9e25ec6123c21d095fe222f9583183ce21f12278e7d338cc1d83ef4f0b73ecc,Conversion Apparatus
d356970be4ae7a7cab5069a69c596bc880a66e31abc52c4ee88b0d94e8a2abdd,Stone Idol Generator
84589556f556412bb80f2ab18f2914f2eb8a3c0deaf17f48f6307acb8da572cc,Horizon of Progress
9295f54f6d4a19b0763c3e478d4725fac2b03b5554ae383a9ecd6db5c0721648,Lazotep Quarry
8dc6a6cdf61c5a20ee6954d89856431ebd9340f3a69468b7913e75abdd1031e6,Planar Nexus
c51414271f7d2bc17be906b6f00a7809f46a41c2e25f62fffef144c88599770e,Sunken Palace
c90d309878fcaf4db616412df2391b5285a540ebad4316b4a97ff061ad5697ec,Talon Gates of Madara
8034a1706fd14b1ede0f1692d0fd71af9f8a788cf42a0ca0bec13ec3d17b3e31,Trenchpost
fd236e1f2b3d80789c9da1b382679cc918b393e4258bea874aee94884d29957e,"Azlask, the Swelling Scourge"
f720a791574c58c22ec95b1fc0af72643936c9782e3f5c641cd6b27a1ee0ccd1,"Cayth, Famed Mechanist"
d9b5c52e96846c6a21373311c46d38dca56bac9cbb56b168aec898df21b1e719,"Coram, the Undertaker"
e336e6c92cd55124bb2899573646ae8528b1abb6092c9aa212afd6d916bbd72b,Disa the Restless
fee3e81a80f41dca579512760f9e71b11f2a34b842e33c7361863b4e18e3e596,"Jyoti, Moag Ancient"
ea6dc6365e9330d51596332d992c1db821851fd5394e0e4ae19b9fc438cf7453,"Omo, Queen of Vesuva"
f97c680027c3b1b54b25c7df1493c76c15748f32471ba9d910eccd4e2a1ed70e,"Satya, Aetherflux Genius"
cc19d12573b526dc27de2f936a564fca3da2a50e297e48e1502f0a8c3a95f4b6,"Ulalek, Fused Atrocity"
b5334f1a598e248468cd9a494b3351316acc7555479e73e65aa9f0ce0ed7db06,Disa the Restless
e129c27e58d3ac960b5b97090ad659a13c776d283acd639432ab5675d42b4ce7,"Omo, Queen of Vesuva"
a493e36119b58ddc4e728693632d5c265fcf31f64c53335869bc6c58729a3664,"Satya, Aetherflux Genius"
dd168d533a9bd7ee214bba481fb52c2006b228b363cdc09e63dcdf03193e63e1,"Ulalek, Fused Atrocity"
b521a51ad0926c8c68cd1259d7324931ca5e3675e79d6b6edbe0d08dc4ff1b06,Disa the Restless
a521c2fed292ac950f4f1709a2764939b8f430a93fd17b94b06c25f7cc8b0ab7,"Omo, Queen of Vesuva"
a49fe26fd4b72dd81f628e92e32c0d26dcd834700f112b3cc39c3ede129e3623,"Satya, Aetherflux Genius"
b62d8bb4dc102c2406b7724ad37e691f53493691649d6b6b706e27c57c93297a,"Ulalek, Fused Atrocity"
945886b3f0981b8491a66843af75250eeec479faed1236f9cb03266cbb2f49d5,All Is Dust
de1d9f1db72b334084d154b1e5724dc2faed2867e0dc621ee9cc521e8434e63c,Artisan of Kozilek
c404d2c0036b8d35faf00deb8c057ac6f56a081dbe8d61fecd5f3c4eeec2622d,Elder Deep-Fiend
bc0161f8cd9bb631f1dadd214f4912ccc2f03987de653e7ce5427640d46e623c,Eldrazi Conscription
e664c6a58dae68a5494b3c5a2b95371bd6ab594b985b12973cab36935511533a,Endbringer
e148b8d41abd4362695337bf14e8383b167630e15e3a27af78c007b8f1dd1f19,"Morophon, the Boundless"
89a45bb6725aa486d7216068dcb2bbd894c7c0a7bbe49c53b933b366c08dacb3,Oblivion Sower
8d3aecbcd3470bea4c6a4265735c24ad84e339d3b552722cd88558cde76aeba0,Skittering Invasion
8f834f89f340b220aced1a5bceba16cfcd59224e36a6336e958e3f7aa17051a2,"Ugin, the Ineffable"
a55386aada1d39e9d9924a36f3487b57f12c0f53d68c6400e6677199926f8ccc,Ulamog's Crusher
a4598eb4396512cb1be22baed69e716dd21c6113c5e75c8de1330ef79cc8424d,Warping Wail
b0e4be3ec73240e6a59c7b04d8c267aef94102c69d886f19b6504f93977d2b53,Aethergeode Miner
c562ea274ac5c2e9bd0a3c9ca6952e1ef57c4b2c91b027bdbec0320ba15b6f70,Aetherstorm Roc
d650d710d58962adab370afa12a81faaa5562537ad483ae78b56297dabd13a64,Akroma's Will
e688cd6d99641acd96692592bc934393cb323872d17452249c6c2ded95af72fa,Angel of Invention
908168901cee0d47d359537baf0ee486e7e21af4ce407e1bb4be5e0fcd396243,Austere Command
925dc4b2ccf01b4eef5e2afdabaa2d5db4d142a1b8872344b9f532c0f112b34a,Crib Swap
b0f1d1b7c3d246c6cc74291bd3133e2de6023b8d98dce8f8ad0009db9def6426,Eldrazi Displacer
f240ca2089df28359728377bfc323cc6dce233c9f159728af47632b795896cc8,Farewell
9be518cfd442526308ddac9cb132f3824e8c646c9f27bd1bb4897f24e23aea99,Legion Loyalty
c3916715fc6c1a89f02b007398eb17ef8dd66ce6b1b6c064bb1487c0c64dfa8d,Skyclave Apparition
a623194ff4dc16b1ad272eca51f8eb29459e7ac458036ee89b6965d3c3062aae,Swords to Plowshares
f061fc0f9fd041c1e70678b8c769323cf0e41732b91e70a79c986e6e97870f68,Aethersquall Ancient
a525235bc9641ec7f05963653adac8b4ceb130acc7aede38a96a514acd44de5c,Aethertide Whale
e1439cd49d583b9b78a46748924e7fa0e25d4aa3cd3364f0f6836a5cc7256c2b,Arcane Denial
9574a916fea53b899732126c63fd643f720b521226446cb8d70f59a2f9644d6e,Bident of Thassa
fa84c409c15018b6d4ee7dcd9d391b1a9e205ae3fb252e638e7229fce1e707c1,Confiscation Coup
85188d9174e1c628e2e86b8edbd630f0e5073f70b97f3869cc4273a9f31853d6,Curse of the Swine
e153ef1c8e2c84cdf2a94df29e9a321abc6612c5b2f221a6b5a9272eada7a429,Deepfathom Skulker
c5130993daacdd5c2cf47061bb737382b78c79098f0963d3d8a64cb6c61f3329,Drown in Dreams
d3343d2c1bc5f0fb2cd289927126ce68e4db8b8198fa8f15fd68ca07b261e64a,Drowner of Hope
b48e82991af46fa0411f7e45ce55693ded5a47d6d1433962d9ea350b9f2032a3,Era of Innovation
90310ac47bd8763bfecd05b9e6463d9bccb33d06cb2d3161c3cd365ed6402453,Evacuation
846246f6f65cbc0c6b8a1ad5f8d10bc9fa1543f1e7a1032bfea5386cd0bc6583,Finale of Revelation
855c879060034c0fdbef7ae8ffc0309ff3a64ec9bc833f2e93584190a6727acc,Fog Bank
a46dd1336b560c6cce9e33d39d286b9497630bc899a52e5697632da1e0d036fa,Glimmer of Genius
8c07a517b17c10e88e035f33d38239aee4f842d3edaa1635d2b3c286bf08ddf3,Imprisoned in the Moon
8e4613b5f958a0cab2b47c02b0e9e957d9a96a45f153aecaf785e0baea528b41,Midnight Clock
a3a4e0b09c5b1d6dd6905692d9e56bd84b537b0fe52e6d34ba416090e4692eb7,Pongify
cb04a2d436695c27d4ff2938c1fb77e9c7b801cfcd981dce899b10dab443614c,Propaganda
870d109b217e4fc0b8146477faf12731de12634fc3ab0788d52a6e27d9d62eba,Replication Technique
c9861447f239f18aa7b42f309e5c78b4ab5446279d2ac8fc91706a6398c7fb8e,Summary Dismissal
b09090091f7f61bee8077e63c01c3ffcd9e263c6de026f0dc60e6670ea715d83,Tezzeret's Gambit
e32b517a15826a858b5d3542caf19693fda48b5ce59f8d05c47b33389a53cc8d,Treasure Cruise
9ad4e114402b8b3ebdf22deb6bb536f1b787169dff426c01dc06382a9929388d,Ugin's Insight
9c1cba3e4f1f059fb3fc33e1e6e366e7b9f04c98e44236619b10198ee4506263,Archon of Cruelty
cb6d88f9dd122b0686933cf1ba7c761f84412bc6f03e659de9a07978a2e02f07,Graveshifter
da55fb4aa84e45e5c7b870923f181f66a30264b9c9e1125c9e653cb2bb890ef6,"Junji, the Midnight Sky"
b3c21ef29e748b6b0471646dda0b5002e63b7320bf127db8ab0943aecd9f60ed,"Liliana, Death's Majesty"
b1861e6186d35b5fd96d38306c9445cfd9fb443ef30278d3f2407334b6054b66,Mortivore
83038fce91ca3c71cd3c1606f60649accef16d94f874211ffc7874c9ba355d83,Necrogoyf
e01ab3e39c214c3c23cacfa4cc9e7e0ea7354478e3f31f0b99cb618ef44628f2,Sifter of Skulls
fe88e361e37418aeb92b4813809b3bddd86e520c93ff47a0ab6c596984ac2b5e,Stitcher's Supplier
c0fcc207bf400698e28b3dea8d037ce9be1f3ae1b8063b65be156a42fe58352b,Suffer the Past
953306e35a553b9bc9c3e9526c8c4deda54e7f86a764b04ab3243338b13e3686,Syphon Mind
8a13c953c04806a79fd71c38a4b433ed85ed2ec3d77b289af37c28ccd48738e5,"Syr Konrad, the Grim"
f60c5b138d5542ecc6b87947b8d335b3b165645c9b2b2c91db367166a50906b7,Anger
c1004ba83eee2e77f91511a9a0305ec2d2dc323deb4f6c7694a049acfbdfa683,Chandra's Ignition
fcf2ea47cb1d8f1cb57940b3d3a23327f2dd1778e4676879048951b24b6c208c,Combustible Gearhulk
c9b914d637c22a6d9b16ea5bb02d4ab0acf46582b17b5f09845dd583a268dade,Faithless Looting
b188989f4b72427a96796d839f063668cddd259ed2272e67d6d8164ded622390,Goldspan Dragon
c16cd27bc0e57db4a71b0fcab91825c7be5033e6b5b16a2c88c62659bd087927,"Grenzo, Havoc Raiser"
b69f38d4852057aa6a5d643ec5baa4d1dc514bab8c855e37d41a22aaebb17351,Kozilek's Return
a08ab7a5df902c9a6c6d72627b12423db77c4b9db1c80bccd08706caf5f32971,Lightning Runner
f7c0860ba92965e090be59a799377715869c7cd192477667841668da965cf9c5,Professional Face-Breaker
98f1c930f11cbafdc4e22dca831f7682e3664715a03507f9ceeb15b2f31262ca,The Reaver Cleaver
f5be04ff5148276026f36b148d077206b9ac3cd99a99694f8e617386ce9c1ce6,Acidic Slime
bdf1605fd2633649c9bf1911e61437a2efdc11fcc9e170d88e2b4898bf102da2,Ancient Stirrings
e72bfb64959572abd2f286178b4218ddc1894b9a9b950762e4482e8de5f169b4,Apex Devastator
d44ed3aec9939cd5d3386fa92c292178b4e562e7b14d0998aafa28beb1e02565,Avenger of Zendikar
cc34837963e3c887b81e2728b89c3e0295eb7818bf7230adbe943ed7b1a93a34,Awakening Zone
902bd0ae6dff2fd4e3442249d9302f1cb64f389bce5e2a72e9d073198b312ce1,Beast Within
a980fa5bf6963cb49e0175a7cd4c274de0f34c6aa5194b96c16b4bb4869a05f5,Brawn
8742e3e579d02d4aa54d08ecaea73684fc785483d76d59b490bc3a7bd1d61d09,Dryad of the Ilysian Grove
cd0b92d8b6fc45b6f8a17bcdf9de3a24a5126261ff803cc7ac352f8bc241620a,Elvish Rejuvenator
81c15b127b6a05f6ec1d3e8d9fa145ada4ba3828bd562c6f87c612d0f48477b3,Eternal Witness
8f50870bd9820cedc67279daa4ed58d2c2b94076cd2e2094e46372bfec5b53ad,Floriferous Vinewall
824ac2708c94385b43656596746b0f35dfa018a7e49965d9fa6676659a576be3,Garruk's Uprising
c410c5412feb1b9cbb253a32bece0909b0332ca6e73f30e2edcc73798ec7eac0,Grapple with the Past
c36449b23667a599f98d1303f9902666f95904fcf127d8c1b1383c7e9f26b1c9,Harmonize
c09cb186bf420ff92b360a66f3615618fdb85ba4f7494982e76d49b8e10c7d25,Hour of Promise
f859b6bc453d385bb0e045a5ad074a53d3f44fca9f4e1c96b0e31de085e54691,Hydra Broodmaster
92b1d8e1ce2c1c381c8763ccfd102209f06e6647f16b23fbbd623b17a9f9389c,Ignoble Hierarch
ed25ada9818ad24ec3580ed19ee351a4c83d3ad793d42d7c25516ed2b34a45eb,Lhurgoyf
b00387f3cd204f089ed95c863806797cc3bc7235c4e37d52cb365aa6e1ed7748,Magus of the Candelabra
823266a7addd7f0dd5bf0902f28601f4a14f549f8b78082af27b2950bf2475e9,Mana Reflection
841e4fd1fe9c1d7cf341a299b9af9422bc721bc5f81db036e7e20dc2a21419cd,Poison Dart Frog
fd50c112c46b366c39f3699fc95e7fa384d958c4b7064078b07618639b3d07ab,Rampaging Baloths
9068b64d6195489acc3b297572c637afcd521cb0f12e2ad2ec3d59afd6d0698c,Rampant Growth
b510d88948ce3670fa712977918e0d3ea734628be95b1d2a894e27c5f39b23db,Ramunap Excavator
8d301a886ef975b3b1c6066d94b5270ff2060f13dd1c8be0d263246c9bcecdf9,Return of the Wildspeaker
a24482249d726d73f78b4cb98ecc214cf9863499eb1d1985ed3857d39f0b4fa8,Sakura-Tribe Elder
9599a5574a135da8f5e44ae2f868121eec8e1667fb173349a14326719a6b3cba,Satyr Wayfinder
a2a196b2ce8c1f44fc5e2473994c22f993624bbef57669418b89719ff6031b2c,Scute Swarm
9d4cbde592597692a9a74278b6d0c123c4364f0bb9c862a5ac766ed8c79a5237,"Selvala, Heart of the Wilds"
ea5ce431946733b2a78c1e5c19ba3acd84d36b6b96db249a994d3a6792646499,Skullwinder
978493e4606a781996cc48bdb8db2f07b9391666f9b86f07f3f07ca48c3321c9,Sylvan Scrying
a0c78f865f781e3b9469684db517528eb8044075fdd91cca8e067b3185367ecf,Terastodon
88b0bbe116cff907bf446092f0aa564bd9e9443dca0473b4c57e18e0cce3675b,Ulvenwald Hydra
d3252724b866dc69f9f942f9c4d0295ae58331bca17cf985be8f72cf82611c41,Vile Redeemer
b745d04dc3112736b44b2a59d9a209fec876310ada0e5ea7ed183ea5d9c22fd3,Vivien Reid
c470ff9319fe0426d3407d78ad274314920c4e49a78c32e7a6616bfb5973633d,World Breaker
a710b077daeb873c99787945a4073cbe85e678da80ce389fdf702b0894913a3b,Yavimaya Elder
e4c6a499d9690d68b43852e21be6788682761a71afb3712687da3f3abaa5189f,Bituminous Blast
e411657e1f4edcbcbdb94b0b807720f7b1f72678a9c24bf0f4442613b38a7086,Bloodbraid Elf
a3c13305d43d2938cd3ac099c89f4543f3641af6d4ed26f8cf005e17d2077dcf,"Brudiclad, Telchor Engineer"
c7f4cc94c81716c3683d2ddb91ca2315bec26a6495642e9a95ec336dadeb3c30,Deadbridge Chant
cc20bda4f78625c7bc65624ae5da5875a25d569992b7538aa62d1868ff180e3e,Deathreap Ritual
8455ed91536212668be108f6ee1c717f973f6712b1e10f0b849f44a5dc6e3e54,Eureka Moment
b3fbbbee4f374c0db22a41c7a7a2b0604819bfe4458ce02ba329607eb456374e,Find // Finality
eb6039ec9914e531e68f1f36837191ce24085de1c7b07afcd83e478f92c366b0,"Garruk, Apex Predator"
c552d310db43bcdabd904bfdb27f30bde8ad260fa0282d219a6623e4b231393f,Grisly Salvage
98303a38e62935e52187549e4c75efe7019ef59a7858496fab265e3ba2215bd8,"Grist, the Hunger Tide"
c054ed819f03967a38f80ac5e2e0619ae76e3772c59d63859270693dd87b7873,Growth Spiral
914636ed4add610697fb4972f52a0ad5ef442720d7a90972f59e2e8da6f121d0,Hydroid Krasis
9ec9821887ae1d86752e3d68b95b13b4cdb07983f1136452e8f43e75e605626f,"Izoni, Thousand-Eyed"
a8d9c6eac7624991b707182edbd937a6c6462e5ccd7969919084394ed1e939b9,Kolaghan's Command
933072c9786681717b0d2ae26af83d0687c93b3ebc0141f794bc6f11f1f22cbe,Maelstrom Pulse
e010d2c197e529cac1e159ede39a255fd8c2059f5e7c7496f3c43a91f861674c,"Nissa, Steward of Elements"
dca9e6afa5740f7af35b0df5c7403896d64631ccd9413219cc131e46d9523653,Riveteers Charm
a7219143d9564aafc4da2e1cf53c20b7d4b3364a9a0f3af4bca664f89ec901ab,Sire of Stagnation
9056572d3b2b3e3ae1e98096e612b0eaf98c27cace6149a1b69a30ededa4678b,"Tatyova, Benthic Druid"
ef61c69695ff2d674c9219ec1f1d3a0391c332ded06c3e714f20770892c732d2,Terminate
821f8b5674c03525b86e605ce9f147c1c30f628fd9784e94cfa565e3c1716ae7,Ulamog's Nullifier
84d194c9fa6d4726c18571869c726b1127ed68d2a37a589fad836639d9c03eee,Urban Evolution
92f93a69f9251e16c526f5ad8ef801560652c2d221a644f5bd855f97c12d7bb4,"Uro, Titan of Nature's Wrath"
ad24a11851d334758e0f5bc3607e0f3e93c844f3cd910ba6c07e0fccd76b38fa,Whirler Virtuoso
8ccc3ec6c06b05b6fc9a53299fb6aaf99b745412aba1e6038157b0adb2c9bd44,"Ziatora, the Incinerator"
e261667e159578ab4fea870571bc1cea874c2b95e4ba1e4c9e75249a94692b1b,Aethersphere Harvester
ec8856f21935286a87ef1101fa5a2d17b7a0551faa6a89058f67cb6a9736ae33,Aetherworks Marvel
d230b6929bc547c3ad1b3979be5456b5c65b6e46c8d578ddb330460d951249b2,Altar of the Goyf
82156515b5c858fce8e62e07cf855be1d3b8d6aabc2aa1aae8618be0ddea9f02,Arcane Signet
f621e9c009dca25d85731da3376b2d92166676a90b2d182df26d589a32d766db,Burnished Hart
850484561ef29fa9e4496bcadb3472e0e1c964cbe16e6b29dab16ed2e936652c,Chromatic Lantern
d820c8cbc5df6b32b7a4040db81a3b64b0ed3a82cbe831db97926c3cafddc8c6,Coalition Relic
d101935abed564f5b98f7800c322620fc87b7a42c6fc6d85c84a7c1ce9bc7b3c,Coveted Jewel
d40f695db9c01c74c773160ecdc523aec650643d8ff22789980b4ecbe7b19ac3,Decoction Module
d07a5d813e1c237b98cb7329e796ccd28d66322c89e1878ce7f2e52bce81e342,Dreamstone Hedron
dfbc092641005091ad77478ab6f564f89a01567bb0fb3a488fc0b94cbabdd66b,Eldrazi Monument
d333c2d8f8c8da20c7233d0af7c069898cfc8e3797a53699a74239a6a8ba2d76,Everflowing Chalice
d045c9ab2d5a0e51f8923496c3f2059fb65c07618ced724ba74b38789bf829b7,Expedition Map
9c57c7129bc818e7ac36067ae3d97b75e4b504aceba320ebe4da7988ba046453,Forsaken Monument
991458d81eff1787f1e8e039e6212275e65626faa5fdf603d2c0692ac425aa5b,Gonti's Aether Heart
84458eebf33875909bb05b04f09732f1cf86394fd2716c1ec8474b21bcc6939f,Hedron Archive
ab330c1f14c6b6564cb953a9d86f78409f9c51b3dc6e1a4a97c564b599395a46,Herald's Horn
81775eb07889204d87f2732ff29ca076af0fd2e8ad4783f2ef41d286a76aa031,Idol of Oblivion
f666e08f01993f72884b19fa9322162c94fd2de18f5f0a5a97db128797a48cbc,Lightning Greaves
e88d0888f01ac60d9d4c7899cbc57f2a9ab5616e87a37f56a43e7797e102c2e3,Maskwood Nexus
8b7e417f36c53e80e9267234925ce390f7a286c9f1bd000be8fb971bcac29d26,Mirage Mirror
f406bda5dad262f283e70f0f930d587a8dadcf018c3e2dd38ca309e23d52f4c8,Myr Battlesphere
c139a583bfd819499c473670825b631bb6b043b4f134e686b5bee324e6f4d09e,Mystic Forge
c4fde1f066d26f46a0911ae9f92660279e661e1b96db598adb8c08fd84a3ad64,Oblivion Stone
c45465ae5aeb3215f3400854dd8a663ba45a1cc8a3a44ed3a54f33b7a2ea9df7,Seer's Sundial
94f94d063ef451bbef94b118c3c06e31992b26d0ee27b1a0ce3a3886b9a9a76b,Sol Ring
c66d0a6f3993773285ee649ce5182ad19e6035b3c27d79e48744a9a4ec1e8cec,Solemn Simulacrum
844e619da1e53f93f61e5248dab08db2ec190567cf3b4c0ef87ba07ca9c2cac3,Talisman of Conviction
cc05793eb13a201efa45dfa59eae8d20e9f018dba60fb780c370e17fa82bdf00,Talisman of Creativity
91c76afa7538050dee474b90dc862d15e1795ce3f7a75814fa129915a16b332b,Talisman of Curiosity
946ef1321b9946cdf8660d93e1b33612e5c41b4db3936c30cf3c39c69ce1a339,Talisman of Dominance
81ba852c3ec11bb3e85f6cc3a5e83e1cf38461e8e7932791925a324f996bada4,Talisman of Impulse
80aaa53b2f110ee4f97e7b1bb5f57d60e394649596167343b0c8ce18b329b269,Talisman of Indulgence
c3b160e61f448b19ec633498a59766e2b3583248bcec9921cf69acd2bdb38d37,Talisman of Progress
81d73cb4e5bde15aaa524665e46f5ac6bc2203c9fec45c3499295e829394e9cd,Talisman of Resilience
a215a09bd9aa9f60a7de68dcf5e46a27da1d0aa1d62b13aae5526d2e970d32c4,Wayfarer's Bauble
e8c81447152b0ae97c53c8a333b53f946c3471b4875ca71ad13a5acbdadf5a0b,Adarkar Wastes
871ca147e8e312a8d1e80c38fb364d32f3434e85b4477a69ed967732c97a619e,Aether Hub
b248e92dd4920e6de8f8349ecb6f3291a93c52d7e7692d1ecea42163d8564cac,Ash Barrens
86126a617da6de8cafdd35ced3e410fbe8f92117d01bb09c98852e47f043b3a1,Azorius Chancery
c561e56322961a96b6b22c59b1193373b84366cc992c399797333eebfa198d64,Basilisk Gate
d450e1c0e75e4e27881c01b8f8613cd7bb9b026c9c4a7279f7d27ecf8d901aec,Battlefield Forge
c0134dbc1cf8b61fa3c67ae1e6ae3700e1702737c91323bfe5ca3892a4351b9b,Blast Zone
91e19484963a3be3bc3c7209e94763ecebcc4630ede45b81e9094c57ccff6c22,Bonders' Enclave
97429bb9add525ae816e60a7b6990f27b90276cb863d2804dd8d3678e62369a7,Brushland
8f69c5c197a27a16b21d145df09b723e69f22c20f18828fbe2f3310efbe82e31,Canyon Slough
dd812db576fe928ab5d02df5823a5a2697f4e52d8964d2603e234a8ada59985d,Cascading Cataracts
ee00c59915ff3aa03b416576a4760eb1d14d23cfdac02e39d5d30f1da0ec59e3,Castle Vantress
d41c1a536ad28f1ee1e163e1e43f61a9f69260a5bfa06c3fa1e067aebf6160c0,Caves of Koilos
cf7b8247ae842434d4ba73aeb1765a73e32379f9d888098be6983bdb9121509c,Cinder Glade
82007ae74f7f84079c3231bcb1fe6790ecc66e80b89f6a0fb958286ff9e02be0,Cloudpost
d24ad0f2cd98068ea4e72830ad120d3dba7529f9b1ed2b838dfa3691efa03b6c,Command Tower
99c3b183750c0c3cbc585afdc4e527c3c3432b87cf96651af4784a69c26b3c73,Corrupted Crossroads
c6f6b4651d091bd9a279241bd9826bb4e6de0c2bd3927ea4e7a54b68b31b44c2,Dakmor Salvage
8814d752b7736a8adf0c2eefb4ea2935e8a1747f8f18303ead963781cc4217a4,Dark Depths
9ac0da4ab55f0e94ef20b175a1ed0d29e34a72c1ecbd33a6eee37aa5e2242095,Demolition Field
c40bfe7119ec498cbf8366fa62f01f9fc14538accea60998a4130678bdcd7267,Desert of the Indomitable
851ac0f1eb552e4ce92c39b1b69a6ac99b69764cbd161915f2932df2dc29330b,Desert of the Mindful
d06200b73f9c3a5cb4ab3ff2e21c0dc2afedc108eb5b1f8ced4a7229ae4a0665,Dreamroot Cascade
c006807f2d995f82b6a03ce8b1db3274f0e16313f265299f9bf22be29e6c1ec5,Eldrazi Temple
955099edfac74e3ee738234cecb87789e3784a20e44d6a82cce52cb3c6524975,Evolving Wilds
9fb23404a7af4ad9d24884fe69356b4a621f98ebd0d41d17ef366825c8e93709,Exotic Orchard
d1f4f1d2ae330730f3281dc6ce407503a05f38af9d502e75ac0b1c1ecaf96eba,Flooded Grove
c20f343cb4789b13e96461835b91d6b4cdf8b261bcc74c0be3726498db6a6771,Forgotten Cave
d056e5402dec36b5f6180b5c911f6aaf9d730daab6a51cc4963a60c79e326b1b,Frostboil Snarl
ea448e29316b29f99f2971bcb3a57c85909c62159ed4606eb79e0dc3c3560fb2,Furycalm Snarl
e51a374c4caecaed1352e84b294d1f2e0f398bb2e2d02ff29e6065cbd36650b4,Glimmerpost
ae15d9c3c52ec93c5a9b263429607e8b703e03c35f5e5eada80a6b50347155ef,Hashep Oasis
d0802dd93b38c2258d7f72448ecf74328ed4f223a4ccd3fbce67f00cdf12e231,Hidden Cataract
9152f9fa7b586a71deb506d5e4e50ae4840f2d0aae806e30b49e4faf8f0f305c,Hidden Nursery
c05689458fd52896fa5b1278bf2472c8fc1e6569bc0233a8b6b26fa8fae93685,Izzet Boilerworks
c4469546f9950bb9f6e2602ccb2a609f8ccf667bbe9d7a649c301391963e4e58,Karplusan Forest
d0aba0a5dfc54fd26f7adb37b4a228d98714764aad6a721ce5912db0c94a38c2,Kessig Wolf Run
a62ba8c15cc8961ab39348c4cece1665dda175a3c3714e39db1e295cc7366cb3,Lair of the Hydra
84718ed19b0e660ce8f83a70c4c335a7f55e6a5ed69425b1e14b6ac7f094633d,Llanowar Wastes
d468848ec8977a81a770485ea7c22168bc6f6bf8a50d1da5fb0f6da2b0f62e71,Lumbering Falls
9d621f2dc9ed30fd2615dc5275762337b09e46b16a1b3050c558728ed6b36359,Lush Oasis
87e1a7c1770055026c2a483d8d7d42f7f0f67893708c4ccf8d6f276e37ca3c26,Mossfire Valley
8555a70df1811ce1eef816dce6665a47f59b390cd50c5914da565922b956629f,Myriad Landscape
8b6ce2e0e0931a07b60d1db8a4a07662d9cb499ee2650bdecd784eb5ff0b6661,Mystic Gate
e172d4a28cbc20d9f30b037f9c612d83b7bd1734bccc2db3834a3f78913d29c4,Mystic Monastery
d4888e6b1b677998e9ce1a669639799981e4262784db1fc4e42e6599953362ed,Opal Palace
c652e30c1c7d14ccf3875eb9234d1b13f70c6d62b9ca4c19fce34ce4c0e27b83,Overflowing Basin
8509d005e1e62b96eab625f0f2d50679689c075df0d47d0f8f397bf69dc20ec0,Path of Ancestry
8e334da3c9cc0f86e27732dcf29ab863bcf9e10ce27abc0ab7c9b221e10ce981,Port Town
d998c2646bd76d59b74e19b9d47a01eebb813096b43f68e9841a6438af076b23,Prairie Stream
c909b2f98f564c2a31d54db886632b17dccd3011ef3a3385d4ea1b31a7986cee,Quandrix Campus
ad148f0ad7c8148c7f8717f3c1ae30e4c87060aad01f6d077e437f61c3f37172,Raging Ravine
f105461c0f9e318791c74ee5d6f03070cc38db38faf87b4eec4d48a3d30a772c,Reliquary Tower
9461c4e1f262691ce6ac1e15eb9a18e6cb59278ad6c53b29cdda26c4a52bb2bd,Riveteers Overlook
80f0c1f86d303c06ee9c32dfb8067a47b36974a4b7323935b2c632a9b58d7f0e,Ruins of Oran-Rief
e27aec8f7f85137ab8ce4643c45e0df5f7b81fd0904942528f940da1922bb2c7,Savage Lands
8621277dbba03d11689fca4e87de5ae9f35286a0de30790fce885a09ea7b6591,Secluded Courtyard
a155960a8e8740a1dd7a383e94ba47d1f7852e77de9a25c5997e6870c38419be,Shadowblood Ridge
d834be1ea7c74be1c8304c1eb10f32c39b18497ccc0f6698f3e3597bb4d00fac,Sheltered Thicket
e220eabd48df11d6b6747c25c72b3720985c2e6f951121cdc7e31e03b57e1b91,Shivan Reef
a500119fa8c86a27d7366b61d319ecd4796f688acdc7719cf07cf039744a72c3,Shrine of the Forsaken Gods
999976bc20670227d3fac85ff7819fe082f26a83f6958bd6a08a1861df6067b8,Simic Growth Chamber
9099d3b0ee443c84b625485b63cf27127ae92c4cc46629a7b6392f3ddbc63be2,Simic Guildgate
95ce68b22691973ce06548c19ffa239fd9383762cbcb7a71c69c0dbee262180e,Smoldering Marsh
91688a59ead3f282f4be050ee7417cf5bc152e23f8ea31eca4992c47b5d73109,Spawning Bed
945094651eb64f9a635f794ed90a368765f51b2bc64b4311e86832bda72f4ac3,Sulfurous Springs
f570c38533a67e1f4fd734ca4a582fd5edaa8a21874bd9ae985c359080e0329f,Tainted Peak
df41dfc2ac0e20bfa57d5de8a4000915bafa0abaa1d1665fb1b666f58c163364,Tainted Wood
d001069287f721c7f9f1be4246e8edb969125976b248d084bd92f417cf792fca,Tectonic Edge
93278193a6481ce7c87c7228a99b6f605b924aef9eac723dd4c35cece5032d56,Temple of Abandon
c6f883ec60337509d5a7783fbf9a00439b8d2eb9cb6855c397aa6ace98407531,Temple of Enlightenment
c59c3c941a3609119bc343ebbddb6b27b389645fa41966fbbc16804cb6f2a670,Temple of Epiphany
ce7e887ab1007b0186d532d7bda9458e9c5073b5f6ad2da8953c5119ee233665,Temple of Malady
d871d963b78a469c984c2e78a4163df7b573277180ee090a8bd727c9debc12a4,Temple of Malice
f4cea1904f355e2f29c06463e4ee318cf71d0248db587a3f8c3429b3c3f31637,Temple of Mystery
900c1184cdf3e471f7060dc3d2fd6f0cd268727dca0c3ae6e97372c8b674cb83,Temple of Silence
ab1604fdf9789b97a4c97897d68f4eea36537e80d1a83915cf006e20c1b1c36b,Temple of Triumph
9c64b4add5aa1969f35a095f6a4d4a30a5114f96fad96896e29d6918bb4aeb05,Tendo Ice Bridge
da94eaaaa94a715e9542362eb52d15a7e4bb14a5a2912e159edb63b982373b13,Terramorphic Expanse
806094ed24ffe11aeb162e53c34d6b43d9937b84f670518cff8e505adb4476a2,Thespian's Stage
8646831c2da538a1b1fa6bf2da806407e43d5cefc6446ad4dce36701ebcc50ff,Thornwood Falls
81ab80f2efc453c1790a74afea783f06f8d53c3db1543e1bd60871a9bc0f7805,Tomb of the Spirit Dragon
da52da5ba9590532b5b66669863b6784d4ed11a3e44e28b5f40266e2dd2d399d,Tranquil Thicket
9005f870b57c0f8fc3cb5616ad243949cf9e64c680716339f6c26d638bfa2ace,Unclaimed Territory
8f968ec98936270df98151f2fe5d2602dc382c1ee3c13b23c4fc6139c3cf52e5,Underground River
d1083b54836785b6ed9acc6bfc635a9af90db153b0a448c4ae943329f8ece8ad,Urza's Mine
95043418ecdc4bb8fe004ad2f2164b25e86b433be46b632bec6b65bce4f464ed,Urza's Power Plant
ed98e9b79336264cf24b1a599b48122d764f168974db1f9b07c23279c51d32d1,Urza's Tower
a46a627ddf851782799a883df3431f97e4bc00b4bf477983a2f11b5b8c4826b2,Vesuva
9ec4b5a4686e5a24c7a26758b3f460759abf60ff959f6389d4e00739d0ca4c8a,Vineglimmer Snarl
c4838c22ad5872d9f2e544ffbe4f6396b7b60e65edc8388092252e26ba6c3aa9,Viridescent Bog
811481b253813381ecef4be0b17301dd8cf77429da5d1eddc10a766fb5fd54c2,Volatile Fault
a6507f30797688fd2597776ad5c96536dc9a639ccd4a2a9384fa2acd8d883064,Wastes
f150a5b670a75aca9dcf4d2d8ef50a93c3680d3d849452d7db4a68619f1760b3,"Yavimaya, Cradle of Growth"
83641ce6dce24c3b6d5fd5a454b8e2317951e151c39c6f96cc962a3de12c69e2,Yavimaya Coast
c014ca19196a04f4cd5b1fefdfd13bb0b9490e1aec2062a5fe373863f9936c19,Rishkar's Expertise
